Lead_Name,Profile_URL,Bio,Location,Expertise_Areas,Activity_Level,Qualification_Score,Lead_Category,Priority_Level,Industry_Match,Engagement_Potential,Conversion_Probability,Recommended_Approach,Primary_Message,Conversation_Starters,Best_Contact_Days,Pain_Points,Value_Drivers,Next_Actions,Risk_Level
How To Establish a Strong Quora Profile,https://business.quora.com/resources/how-to-establish-a-strong-quora-profile/?share=1,"Quora Resources This is where you share who you are, the topics you’re knowledgeable in, and your track record of answers and writing prowess—not just for Quora users, but for people all across the In",N/A,,medium,50,warm,medium,5,5,25%,Standard outreach,Value proposition,Industry insights,"Tuesday, Wednesday",Efficiency,ROI,Research further,medium
Quora,https://www.quora.com/What-is-the-average-salary-for-someone-working-in-artificial-intelligence-Is-it-worth-learning-about-AI-or-not-why-Whats-your-opinion-on-this-subject?share=1,We would like to show you a description here but the site won't allow us.,N/A,,medium,50,warm,medium,5,5,25%,Standard outreach,Value proposition,Industry insights,"Tuesday, Wednesday",Efficiency,ROI,Research further,medium
Quora,https://www.quora.com/Which-is-the-best-AI-course-for-beginners?share=1,We would like to show you a description here but the site won't allow us.,N/A,,medium,50,warm,medium,5,5,25%,Standard outreach,Value proposition,Industry insights,"Tuesday, Wednesday",Efficiency,ROI,Research further,medium
Quora,https://www.quora.com/What-is-the-salary-of-an-upcoming-AI-engineer-Is-it-one-of-the-most-lucrative-career-paths?share=1,We would like to show you a description here but the site won't allow us.,N/A,,medium,50,warm,medium,5,5,25%,Standard outreach,Value proposition,Industry insights,"Tuesday, Wednesday",Efficiency,ROI,Research further,medium
Quora,https://www.quora.com/What-are-some-online-courses-in-artificial-intelligence-that-will-help-me-find-a-job-as-a-software-engineer-at-Google-Facebook-Amazon-etc?share=1,We would like to show you a description here but the site won't allow us.,N/A,,medium,50,warm,medium,5,5,25%,Standard outreach,Value proposition,Industry insights,"Tuesday, Wednesday",Efficiency,ROI,Research further,medium
Quora,https://www.quora.com/So-I-found-a-job-at-Tesla-for-data-annotation-specialist-entry-level-Since-I-didnt-have-much-IT-background-My-question-is-what-does-data-annotation-specialist-do-and-what-would-be-their-earning?share=1,We would like to show you a description here but the site won't allow us.,N/A,,medium,50,warm,medium,5,5,25%,Standard outreach,Value proposition,Industry insights,"Tuesday, Wednesday",Efficiency,ROI,Research further,medium
Quora,https://www.quora.com/What-is-the-job-title-hierarchy-amongst-software-engineers?share=1,We would like to show you a description here but the site won't allow us.,N/A,,medium,50,warm,medium,5,5,25%,Standard outreach,Value proposition,Industry insights,"Tuesday, Wednesday",Efficiency,ROI,Research further,medium
Quora,https://www.quora.com/What-is-the-average-salary-for-an-entry-level-software-developer-in-Germany?share=1,We would like to show you a description here but the site won't allow us.,N/A,,medium,50,warm,medium,5,5,25%,Standard outreach,Value proposition,Industry insights,"Tuesday, Wednesday",Efficiency,ROI,Research further,medium
Quora,https://www.quora.com/Will-AI-completely-replace-software-developers-in-the-future-or-is-it-more-likely-to-serve-as-a-complementary-tool-enhancing-certain-aspects-of-their-work?share=1,We would like to show you a description here but the site won't allow us.,N/A,,medium,50,warm,medium,5,5,25%,Standard outreach,Value proposition,Industry insights,"Tuesday, Wednesday",Efficiency,ROI,Research further,medium
